tile_id,easting_m,northing_m,height_m
USGS_LPC_VA_ChesapeakeBay_2015_LAS_S13_3889_30_chm,11386052.5,3899180.5,59.9
USGS_LPC_VA_ChesapeakeBay_2015_LAS_S13_3889_30_chm,11387768.5,3899178.5,59.91
USGS_LPC_VA_ChesapeakeBay_2015_LAS_S13_3889_30_chm,11387761.5,3899175.5,59.9
USGS_LPC_VA_ChesapeakeBay_2015_LAS_S13_3889_30_chm,11386057.5,3899173.5,58.97
USGS_LPC_VA_ChesapeakeBay_2015_LAS_S13_3889_30_chm,11387767.5,3899173.5,59.55
USGS_LPC_VA_ChesapeakeBay_2015_LAS_S13_3889_30_chm,11386062.5,3899169.5,59.99
USGS_LPC_VA_ChesapeakeBay_2015_LAS_S13_3889_30_chm,11387764.5,3899169.5,59.65
USGS_LPC_VA_ChesapeakeBay_2015_LAS_S13_3889_30_chm,11386064.5,3899163.5,59.82
USGS_LPC_VA_ChesapeakeBay_2015_LAS_S13_3889_30_chm,11387756.5,3899161.5,59.5
USGS_LPC_VA_ChesapeakeBay_2015_LAS_S13_3889_30_chm,11386057.5,3899160.5,59.82
USGS_LPC_VA_ChesapeakeBay_2015_LAS_S13_3889_30_chm,11386061.5,3899159.5,59.85
USGS_LPC_VA_ChesapeakeBay_2015_LAS_S13_3889_30_chm,11386069.5,3899158.5,59.62
USGS_LPC_VA_ChesapeakeBay_2015_LAS_S13_3889_30_chm,11387750.5,3899156.5,59.88
USGS_LPC_VA_ChesapeakeBay_2015_LAS_S13_3889_30_chm,11386076.5,3899154.5,59.8
USGS_LPC_VA_ChesapeakeBay_2015_LAS_S13_3889_30_chm,11387858.5,3899154.5,59.99
USGS_LPC_VA_ChesapeakeBay_2015_LAS_S13_3889_30_chm,11386065.5,3899153.5,59.52
USGS_LPC_VA_ChesapeakeBay_2015_LAS_S13_3889_30_chm,11387191.5,3899153.5,59.68
USGS_LPC_VA_ChesapeakeBay_2015_LAS_S13_3889_30_chm,11386085.5,3899150.5,59.72
USGS_LPC_VA_ChesapeakeBay_2015_LAS_S13_3889_30_chm,11387750.5,3899150.5,59.8
USGS_LPC_VA_ChesapeakeBay_2015_LAS_S13_3889_30_chm,11387755.5,3899150.5,58.8
USGS_LPC_VA_ChesapeakeBay_2015_LAS_S13_3889_30_chm,11387191.5,3899149.5,58.77
USGS_LPC_VA_ChesapeakeBay_2015_LAS_S13_3889_30_chm,11386065.5,3899148.5,59.69
USGS_LPC_VA_ChesapeakeBay_2015_LAS_S13_3889_30_chm,11387115.5,3899147.5,59.95
USGS_LPC_VA_ChesapeakeBay_2015_LAS_S13_3889_30_chm,11387185.5,3899147.5,58.92
USGS_LPC_VA_ChesapeakeBay_2015_LAS_S13_3889_30_chm,11387181.5,3899146.5,57.76
USGS_LPC_VA_ChesapeakeBay_2015_LAS_S13_3889_30_chm,11387214.5,3899146.5,59.82
USGS_LPC_VA_ChesapeakeBay_2015_LAS_S13_3889_30_chm,11387175.5,3899145.5,58.98
USGS_LPC_VA_ChesapeakeBay_2015_LAS_S13_3889_30_chm,11387199.5,3899145.5,59.62
USGS_LPC_VA_ChesapeakeBay_2015_LAS_S13_3889_30_chm,11386067.5,3899144.5,59.71
USGS_LPC_VA_ChesapeakeBay_2015_LAS_S13_3889_30_chm,11387724.5,3899144.5,59.29
USGS_LPC_VA_ChesapeakeBay_2015_LAS_S13_3889_30_chm,11387745.5,3899144.5,59.35
USGS_LPC_VA_ChesapeakeBay_2015_LAS_S13_3889_30_chm,11387104.5,3899143.5,59.81
USGS_LPC_VA_ChesapeakeBay_2015_LAS_S13_3889_30_chm,11387113.5,3899143.5,59.91
USGS_LPC_VA_ChesapeakeBay_2015_LAS_S13_3889_30_chm,11387120.5,3899143.5,58.62
USGS_LPC_VA_ChesapeakeBay_2015_LAS_S13_3889_30_chm,11387691.5,3899143.5,59.72
USGS_LPC_VA_ChesapeakeBay_2015_LAS_S13_3889_30_chm,11387732.5,3899143.5,59.89
USGS_LPC_VA_ChesapeakeBay_2015_LAS_S13_3889_30_chm,11387750.5,3899143.5,59.8
USGS_LPC_VA_ChesapeakeBay_2015_LAS_S13_3889_30_chm,11386079.5,3899142.5,56.38
USGS_LPC_VA_ChesapeakeBay_2015_LAS_S13_3889_30_chm,11386086.5,3899142.5,58.58
USGS_LPC_VA_ChesapeakeBay_2015_LAS_S13_3889_30_chm,11387137.5,3899142.5,59.24
USGS_LPC_VA_ChesapeakeBay_2015_LAS_S13_3889_30_chm,11387859.5,3899142.5,57.02
USGS_LPC_VA_ChesapeakeBay_2015_LAS_S13_3889_30_chm,11387170.5,3899141.5,59.96
USGS_LPC_VA_ChesapeakeBay_2015_LAS_S13_3889_30_chm,11387203.5,3899141.5,59.74
USGS_LPC_VA_ChesapeakeBay_2015_LAS_S13_3889_30_chm,11386069.5,3899140.5,59.9
USGS_LPC_VA_ChesapeakeBay_2015_LAS_S13_3889_30_chm,11386094.5,3899140.5,59.9
USGS_LPC_VA_ChesapeakeBay_2015_LAS_S13_3889_30_chm,11387165.5,3899140.5,59.81
USGS_LPC_VA_ChesapeakeBay_2015_LAS_S13_3889_30_chm,11387184.5,3899140.5,56.95
USGS_LPC_VA_ChesapeakeBay_2015_LAS_S13_3889_30_chm,11387354.5,3899140.5,59.88
USGS_LPC_VA_ChesapeakeBay_2015_LAS_S13_3889_30_chm,11387107.5,3899139.5,59.39
USGS_LPC_VA_ChesapeakeBay_2015_LAS_S13_3889_30_chm,11387174.5,3899139.5,58.38
USGS_LPC_VA_ChesapeakeBay_2015_LAS_S13_3889_30_chm,11387188.5,3899139.5,56.51
USGS_LPC_VA_ChesapeakeBay_2015_LAS_S13_3889_30_chm,11387214.5,3899139.5,59.9
USGS_LPC_VA_ChesapeakeBay_2015_LAS_S13_3889_30_chm,11387250.5,3899139.5,59.51
USGS_LPC_VA_ChesapeakeBay_2015_LAS_S13_3889_30_chm,11387259.5,3899139.5,58.85
USGS_LPC_VA_ChesapeakeBay_2015_LAS_S13_3889_30_chm,11387726.5,3899139.5,58.9
USGS_LPC_VA_ChesapeakeBay_2015_LAS_S13_3889_30_chm,11387738.5,3899139.5,58.41
USGS_LPC_VA_ChesapeakeBay_2015_LAS_S13_3889_30_chm,11387751.5,3899139.5,59.67
USGS_LPC_VA_ChesapeakeBay_2015_LAS_S13_3889_30_chm,11387130.5,3899138.5,57.42
USGS_LPC_VA_ChesapeakeBay_2015_LAS_S13_3889_30_chm,11387154.5,3899138.5,59.19
USGS_LPC_VA_ChesapeakeBay_2015_LAS_S13_3889_30_chm,11387179.5,3899138.5,56.03
USGS_LPC_VA_ChesapeakeBay_2015_LAS_S13_3889_30_chm,11387229.5,3899138.5,59.76
USGS_LPC_VA_ChesapeakeBay_2015_LAS_S13_3889_30_chm,11387235.5,3899138.5,58.3
USGS_LPC_VA_ChesapeakeBay_2015_LAS_S13_3889_30_chm,11387265.5,3899138.5,58.64
USGS_LPC_VA_ChesapeakeBay_2015_LAS_S13_3889_30_chm,11387271.5,3899138.5,59.42
USGS_LPC_VA_ChesapeakeBay_2015_LAS_S13_3889_30_chm,11387685.5,3899138.5,59.48
USGS_LPC_VA_ChesapeakeBay_2015_LAS_S13_3889_30_chm,11387691.5,3899138.5,59.68
USGS_LPC_VA_ChesapeakeBay_2015_LAS_S13_3889_30_chm,11387732.5,3899138.5,59.19
USGS_LPC_VA_ChesapeakeBay_2015_LAS_S13_3889_30_chm,11387745.5,3899138.5,58.98
USGS_LPC_VA_ChesapeakeBay_2015_LAS_S13_3889_30_chm,11387865.5,3899137.5,57.74
USGS_LPC_VA_ChesapeakeBay_2015_LAS_S13_3889_30_chm,11387870.5,3899137.5,57.93
USGS_LPC_VA_ChesapeakeBay_2015_LAS_S13_3889_30_chm,11387094.5,3899136.5,59.68
USGS_LPC_VA_ChesapeakeBay_2015_LAS_S13_3889_30_chm,11387120.5,3899136.5,57.13
USGS_LPC_VA_ChesapeakeBay_2015_LAS_S13_3889_30_chm,11387146.5,3899136.5,57.8
USGS_LPC_VA_ChesapeakeBay_2015_LAS_S13_3889_30_chm,11386100.5,3899135.5,59.49
USGS_LPC_VA_ChesapeakeBay_2015_LAS_S13_3889_30_chm,11387158.5,3899135.5,58.56
USGS_LPC_VA_ChesapeakeBay_2015_LAS_S13_3889_30_chm,11387186.5,3899135.5,54.39
USGS_LPC_VA_ChesapeakeBay_2015_LAS_S13_3889_30_chm,11387215.5,3899135.5,59.77
USGS_LPC_VA_ChesapeakeBay_2015_LAS_S13_3889_30_chm,11386075.5,3899134.5,59.66
USGS_LPC_VA_ChesapeakeBay_2015_LAS_S13_3889_30_chm,11387133.5,3899134.5,55.88
USGS_LPC_VA_ChesapeakeBay_2015_LAS_S13_3889_30_chm,11387202.5,3899134.5,56.56
USGS_LPC_VA_ChesapeakeBay_2015_LAS_S13_3889_30_chm,11387208.5,3899134.5,59.56
USGS_LPC_VA_ChesapeakeBay_2015_LAS_S13_3889_30_chm,11387209.5,3899134.5,59.56
USGS_LPC_VA_ChesapeakeBay_2015_LAS_S13_3889_30_chm,11387241.5,3899134.5,57.26
USGS_LPC_VA_ChesapeakeBay_2015_LAS_S13_3889_30_chm,11387283.5,3899134.5,58.94
USGS_LPC_VA_ChesapeakeBay_2015_LAS_S13_3889_30_chm,11387361.5,3899134.5,59.96
USGS_LPC_VA_ChesapeakeBay_2015_LAS_S13_3889_30_chm,11387726.5,3899134.5,58.81
USGS_LPC_VA_ChesapeakeBay_2015_LAS_S13_3889_30_chm,11386105.5,3899133.5,59.73
USGS_LPC_VA_ChesapeakeBay_2015_LAS_S13_3889_30_chm,11387088.5,3899133.5,59.22
USGS_LPC_VA_ChesapeakeBay_2015_LAS_S13_3889_30_chm,11387181.5,3899133.5,54.86
USGS_LPC_VA_ChesapeakeBay_2015_LAS_S13_3889_30_chm,11387246.5,3899133.5,56.53
USGS_LPC_VA_ChesapeakeBay_2015_LAS_S13_3889_30_chm,11387251.5,3899133.5,55.59
USGS_LPC_VA_ChesapeakeBay_2015_LAS_S13_3889_30_chm,11387269.5,3899133.5,58.39
USGS_LPC_VA_ChesapeakeBay_2015_LAS_S13_3889_30_chm,11387301.5,3899133.5,56.94
USGS_LPC_VA_ChesapeakeBay_2015_LAS_S13_3889_30_chm,11387320.5,3899133.5,57.95
USGS_LPC_VA_ChesapeakeBay_2015_LAS_S13_3889_30_chm,11387344.5,3899133.5,58.01
USGS_LPC_VA_ChesapeakeBay_2015_LAS_S13_3889_30_chm,11387353.5,3899133.5,57.7
USGS_LPC_VA_ChesapeakeBay_2015_LAS_S13_3889_30_chm,11387673.5,3899133.5,59.41
USGS_LPC_VA_ChesapeakeBay_2015_LAS_S13_3889_30_chm,11387684.5,3899133.5,59.46
USGS_LPC_VA_ChesapeakeBay_2015_LAS_S13_3889_30_chm,11387696.5,3899133.5,55.86
USGS_LPC_VA_ChesapeakeBay_2015_LAS_S13_3889_30_chm,11387702.5,3899133.5,56.56
USGS_LPC_VA_ChesapeakeBay_2015_LAS_S13_3889_30_chm,11387716.5,3899133.5,55.22
USGS_LPC_VA_ChesapeakeBay_2015_LAS_S13_3889_30_chm,11387720.5,3899133.5,54.42
USGS_LPC_VA_ChesapeakeBay_2015_LAS_S13_3889_30_chm,11387745.5,3899133.5,55.5
USGS_LPC_VA_ChesapeakeBay_2015_LAS_S13_3889_30_chm,11387866.5,3899133.5,57.15
USGS_LPC_VA_ChesapeakeBay_2015_LAS_S13_3889_30_chm,11387103.5,3899132.5,56.28
USGS_LPC_VA_ChesapeakeBay_2015_LAS_S13_3889_30_chm,11387126.5,3899132.5,54.92
USGS_LPC_VA_ChesapeakeBay_2015_LAS_S13_3889_30_chm,11387232.5,3899132.5,56.71
USGS_LPC_VA_ChesapeakeBay_2015_LAS_S13_3889_30_chm,11387257.5,3899132.5,56.81
USGS_LPC_VA_ChesapeakeBay_2015_LAS_S13_3889_30_chm,11387275.5,3899132.5,58.16
USGS_LPC_VA_ChesapeakeBay_2015_LAS_S13_3889_30_chm,11387287.5,3899132.5,58.71
USGS_LPC_VA_ChesapeakeBay_2015_LAS_S13_3889_30_chm,11387295.5,3899132.5,59.1
USGS_LPC_VA_ChesapeakeBay_2015_LAS_S13_3889_30_chm,11387338.5,3899132.5,58.28
USGS_LPC_VA_ChesapeakeBay_2015_LAS_S13_3889_30_chm,11387660.5,3899132.5,58.34
USGS_LPC_VA_ChesapeakeBay_2015_LAS_S13_3889_30_chm,11387690.5,3899132.5,56.61
USGS_LPC_VA_ChesapeakeBay_2015_LAS_S13_3889_30_chm,11387709.5,3899132.5,55.37
USGS_LPC_VA_ChesapeakeBay_2015_LAS_S13_3889_30_chm,11387738.5,3899132.5,55.91
USGS_LPC_VA_ChesapeakeBay_2015_LAS_S13_3889_30_chm,11387751.5,3899132.5,57.41
USGS_LPC_VA_ChesapeakeBay_2015_LAS_S13_3889_30_chm,11387870.5,3899132.5,57.87
USGS_LPC_VA_ChesapeakeBay_2015_LAS_S13_3889_30_chm,11387877.5,3899132.5,58.58
USGS_LPC_VA_ChesapeakeBay_2015_LAS_S13_3889_30_chm,11387107.5,3899131.5,55.62
USGS_LPC_VA_ChesapeakeBay_2015_LAS_S13_3889_30_chm,11387223.5,3899131.5,55.95
USGS_LPC_VA_ChesapeakeBay_2015_LAS_S13_3889_30_chm,11387265.5,3899131.5,56.68
USGS_LPC_VA_ChesapeakeBay_2015_LAS_S13_3889_30_chm,11387367.5,3899131.5,59.42
USGS_LPC_VA_ChesapeakeBay_2015_LAS_S13_3889_30_chm,11387731.5,3899131.5,54.32
USGS_LPC_VA_ChesapeakeBay_2015_LAS_S13_3889_30_chm,11387082.5,3899130.5,60.0
USGS_LPC_VA_ChesapeakeBay_2015_LAS_S13_3889_30_chm,11387098.5,3899130.5,56.65
USGS_LPC_VA_ChesapeakeBay_2015_LAS_S13_3889_30_chm,11387349.5,3899130.5,57.94
USGS_LPC_VA_ChesapeakeBay_2015_LAS_S13_3889_30_chm,11387667.5,3899130.5,55.83
USGS_LPC_VA_ChesapeakeBay_2015_LAS_S13_3889_30_chm,11387114.5,3899129.5,55.9
USGS_LPC_VA_ChesapeakeBay_2015_LAS_S13_3889_30_chm,11387156.5,3899129.5,57.84
USGS_LPC_VA_ChesapeakeBay_2015_LAS_S13_3889_30_chm,11387684.5,3899129.5,56.42
USGS_LPC_VA_ChesapeakeBay_2015_LAS_S13_3889_30_chm,11387883.5,3899129.5,59.47
USGS_LPC_VA_ChesapeakeBay_2015_LAS_S13_3889_30_chm,11387139.5,3899128.5,55.86
USGS_LPC_VA_ChesapeakeBay_2015_LAS_S13_3889_30_chm,11387163.5,3899128.5,56.09
USGS_LPC_VA_ChesapeakeBay_2015_LAS_S13_3889_30_chm,11387246.5,3899128.5,55.87
USGS_LPC_VA_ChesapeakeBay_2015_LAS_S13_3889_30_chm,11387332.5,3899128.5,55.76
USGS_LPC_VA_ChesapeakeBay_2015_LAS_S13_3889_30_chm,11387353.5,3899128.5,56.06
USGS_LPC_VA_ChesapeakeBay_2015_LAS_S13_3889_30_chm,11387697.5,3899128.5,55.15
USGS_LPC_VA_ChesapeakeBay_2015_LAS_S13_3889_30_chm,11386079.5,3899127.5,59.2
USGS_LPC_VA_ChesapeakeBay_2015_LAS_S13_3889_30_chm,11387073.5,3899127.5,59.81
USGS_LPC_VA_ChesapeakeBay_2015_LAS_S13_3889_30_chm,11387170.5,3899127.5,55.3
USGS_LPC_VA_ChesapeakeBay_2015_LAS_S13_3889_30_chm,11387181.5,3899127.5,51.14
USGS_LPC_VA_ChesapeakeBay_2015_LAS_S13_3889_30_chm,11387186.5,3899127.5,51.33
USGS_LPC_VA_ChesapeakeBay_2015_LAS_S13_3889_30_chm,11387217.5,3899127.5,55.95
USGS_LPC_VA_ChesapeakeBay_2015_LAS_S13_3889_30_chm,11387224.5,3899127.5,55.63
USGS_LPC_VA_ChesapeakeBay_2015_LAS_S13_3889_30_chm,11387235.5,3899127.5,55.2
USGS_LPC_VA_ChesapeakeBay_2015_LAS_S13_3889_30_chm,11387295.5,3899127.5,54.5
USGS_LPC_VA_ChesapeakeBay_2015_LAS_S13_3889_30_chm,11387312.5,3899127.5,57.5
USGS_LPC_VA_ChesapeakeBay_2015_LAS_S13_3889_30_chm,11387338.5,3899127.5,58.0
USGS_LPC_VA_ChesapeakeBay_2015_LAS_S13_3889_30_chm,11387367.5,3899127.5,58.95
USGS_LPC_VA_ChesapeakeBay_2015_LAS_S13_3889_30_chm,11387376.5,3899127.5,59.28
USGS_LPC_VA_ChesapeakeBay_2015_LAS_S13_3889_30_chm,11387654.5,3899127.5,59.67
USGS_LPC_VA_ChesapeakeBay_2015_LAS_S13_3889_30_chm,11387679.5,3899127.5,56.01
USGS_LPC_VA_ChesapeakeBay_2015_LAS_S13_3889_30_chm,11387703.5,3899127.5,52.88
USGS_LPC_VA_ChesapeakeBay_2015_LAS_S13_3889_30_chm,11387721.5,3899127.5,54.28
USGS_LPC_VA_ChesapeakeBay_2015_LAS_S13_3889_30_chm,11387739.5,3899127.5,51.03
USGS_LPC_VA_ChesapeakeBay_2015_LAS_S13_3889_30_chm,11387745.5,3899127.5,53.53
USGS_LPC_VA_ChesapeakeBay_2015_LAS_S13_3889_30_chm,11387079.5,3899126.5,59.57
USGS_LPC_VA_ChesapeakeBay_2015_LAS_S13_3889_30_chm,11387126.5,3899126.5,53.91
USGS_LPC_VA_ChesapeakeBay_2015_LAS_S13_3889_30_chm,11387132.5,3899126.5,53.21
USGS_LPC_VA_ChesapeakeBay_2015_LAS_S13_3889_30_chm,11387145.5,3899126.5,54.79
USGS_LPC_VA_ChesapeakeBay_2015_LAS_S13_3889_30_chm,11387151.5,3899126.5,56.07
USGS_LPC_VA_ChesapeakeBay_2015_LAS_S13_3889_30_chm,11387190.5,3899126.5,51.27
USGS_LPC_VA_ChesapeakeBay_2015_LAS_S13_3889_30_chm,11387212.5,3899126.5,56.54
USGS_LPC_VA_ChesapeakeBay_2015_LAS_S13_3889_30_chm,11387253.5,3899126.5,54.38
USGS_LPC_VA_ChesapeakeBay_2015_LAS_S13_3889_30_chm,11387257.5,3899126.5,54.49
USGS_LPC_VA_ChesapeakeBay_2015_LAS_S13_3889_30_chm,11387275.5,3899126.5,57.82
USGS_LPC_VA_ChesapeakeBay_2015_LAS_S13_3889_30_chm,11387300.5,3899126.5,56.61
USGS_LPC_VA_ChesapeakeBay_2015_LAS_S13_3889_30_chm,11387319.5,3899126.5,57.67
USGS_LPC_VA_ChesapeakeBay_2015_LAS_S13_3889_30_chm,11387349.5,3899126.5,57.67
USGS_LPC_VA_ChesapeakeBay_2015_LAS_S13_3889_30_chm,11387661.5,3899126.5,56.16
USGS_LPC_VA_ChesapeakeBay_2015_LAS_S13_3889_30_chm,11387673.5,3899126.5,53.98
USGS_LPC_VA_ChesapeakeBay_2015_LAS_S13_3889_30_chm,11387709.5,3899126.5,54.31
USGS_LPC_VA_ChesapeakeBay_2015_LAS_S13_3889_30_chm,11387754.5,3899126.5,54.59
USGS_LPC_VA_ChesapeakeBay_2015_LAS_S13_3889_30_chm,11387877.5,3899126.5,57.86
USGS_LPC_VA_ChesapeakeBay_2015_LAS_S13_3889_30_chm,11387088.5,3899125.5,57.2
USGS_LPC_VA_ChesapeakeBay_2015_LAS_S13_3889_30_chm,11387121.5,3899125.5,53.13
USGS_LPC_VA_ChesapeakeBay_2015_LAS_S13_3889_30_chm,11387241.5,3899125.5,54.18
USGS_LPC_VA_ChesapeakeBay_2015_LAS_S13_3889_30_chm,11387265.5,3899125.5,56.43
USGS_LPC_VA_ChesapeakeBay_2015_LAS_S13_3889_30_chm,11387281.5,3899125.5,56.96
USGS_LPC_VA_ChesapeakeBay_2015_LAS_S13_3889_30_chm,11387288.5,3899125.5,54.67
USGS_LPC_VA_ChesapeakeBay_2015_LAS_S13_3889_30_chm,11387304.5,3899125.5,56.36
USGS_LPC_VA_ChesapeakeBay_2015_LAS_S13_3889_30_chm,11387323.5,3899125.5,54.67
USGS_LPC_VA_ChesapeakeBay_2015_LAS_S13_3889_30_chm,11387342.5,3899125.5,57.65
USGS_LPC_VA_ChesapeakeBay_2015_LAS_S13_3889_30_chm,11387690.5,3899125.5,53.35
USGS_LPC_VA_ChesapeakeBay_2015_LAS_S13_3889_30_chm,11387714.5,3899125.5,55.24
USGS_LPC_VA_ChesapeakeBay_2015_LAS_S13_3889_30_chm,11387727.5,3899125.5,51.74
USGS_LPC_VA_ChesapeakeBay_2015_LAS_S13_3889_30_chm,11387750.5,3899125.5,53.46
USGS_LPC_VA_ChesapeakeBay_2015_LAS_S13_3889_30_chm,11386110.5,3899124.5,59.77
USGS_LPC_VA_ChesapeakeBay_2015_LAS_S13_3889_30_chm,11387648.5,3899124.5,59.8
USGS_LPC_VA_ChesapeakeBay_2015_LAS_S13_3889_30_chm,11387140.5,3899123.5,55.68
USGS_LPC_VA_ChesapeakeBay_2015_LAS_S13_3889_30_chm,11387158.5,3899123.5,55.17
USGS_LPC_VA_ChesapeakeBay_2015_LAS_S13_3889_30_chm,11387162.5,3899123.5,55.76
USGS_LPC_VA_ChesapeakeBay_2015_LAS_S13_3889_30_chm,11387095.5,3899122.5,55.52
USGS_LPC_VA_ChesapeakeBay_2015_LAS_S13_3889_30_chm,11387227.5,3899122.5,53.36
USGS_LPC_VA_ChesapeakeBay_2015_LAS_S13_3889_30_chm,11387234.5,3899122.5,52.06
USGS_LPC_VA_ChesapeakeBay_2015_LAS_S13_3889_30_chm,11387250.5,3899122.5,53.41
USGS_LPC_VA_ChesapeakeBay_2015_LAS_S13_3889_30_chm,11387257.5,3899122.5,54.21
USGS_LPC_VA_ChesapeakeBay_2015_LAS_S13_3889_30_chm,11387277.5,3899122.5,53.17
USGS_LPC_VA_ChesapeakeBay_2015_LAS_S13_3889_30_chm,11387337.5,3899122.5,55.47
USGS_LPC_VA_ChesapeakeBay_2015_LAS_S13_3889_30_chm,11387364.5,3899122.5,56.45
USGS_LPC_VA_ChesapeakeBay_2015_LAS_S13_3889_30_chm,11387673.5,3899122.5,53.85
USGS_LPC_VA_ChesapeakeBay_2015_LAS_S13_3889_30_chm,11387721.5,3899122.5,54.06
USGS_LPC_VA_ChesapeakeBay_2015_LAS_S13_3889_30_chm,11387739.5,3899122.5,51.01
USGS_LPC_VA_ChesapeakeBay_2015_LAS_S13_3889_30_chm,11387882.5,3899122.5,58.42
USGS_LPC_VA_ChesapeakeBay_2015_LAS_S13_3889_30_chm,11387073.5,3899121.5,57.67
USGS_LPC_VA_ChesapeakeBay_2015_LAS_S13_3889_30_chm,11387109.5,3899121.5,51.17
USGS_LPC_VA_ChesapeakeBay_2015_LAS_S13_3889_30_chm,11387132.5,3899121.5,52.34
USGS_LPC_VA_ChesapeakeBay_2015_LAS_S13_3889_30_chm,11387212.5,3899121.5,54.88
USGS_LPC_VA_ChesapeakeBay_2015_LAS_S13_3889_30_chm,11387239.5,3899121.5,51.81
USGS_LPC_VA_ChesapeakeBay_2015_LAS_S13_3889_30_chm,11387265.5,3899121.5,52.38
USGS_LPC_VA_ChesapeakeBay_2015_LAS_S13_3889_30_chm,11387386.5,3899121.5,59.0
USGS_LPC_VA_ChesapeakeBay_2015_LAS_S13_3889_30_chm,11387660.5,3899121.5,56.28
USGS_LPC_VA_ChesapeakeBay_2015_LAS_S13_3889_30_chm,11387690.5,3899121.5,50.87
USGS_LPC_VA_ChesapeakeBay_2015_LAS_S13_3889_30_chm,11387697.5,3899121.5,50.25
USGS_LPC_VA_ChesapeakeBay_2015_LAS_S13_3889_30_chm,11387703.5,3899121.5,51.96
USGS_LPC_VA_ChesapeakeBay_2015_LAS_S13_3889_30_chm,11387727.5,3899121.5,51.68
USGS_LPC_VA_ChesapeakeBay_2015_LAS_S13_3889_30_chm,11387732.5,3899121.5,49.38
USGS_LPC_VA_ChesapeakeBay_2015_LAS_S13_3889_30_chm,11387888.5,3899121.5,59.42
USGS_LPC_VA_ChesapeakeBay_2015_LAS_S13_3889_30_chm,11386081.5,3899120.5,59.37
USGS_LPC_VA_ChesapeakeBay_2015_LAS_S13_3889_30_chm,11387149.5,3899120.5,54.79
USGS_LPC_VA_ChesapeakeBay_2015_LAS_S13_3889_30_chm,11387173.5,3899120.5,50.67
USGS_LPC_VA_ChesapeakeBay_2015_LAS_S13_3889_30_chm,11387217.5,3899120.5,50.89
USGS_LPC_VA_ChesapeakeBay_2015_LAS_S13_3889_30_chm,11387270.5,3899120.5,53.1
USGS_LPC_VA_ChesapeakeBay_2015_LAS_S13_3889_30_chm,11387284.5,3899120.5,53.09
USGS_LPC_VA_ChesapeakeBay_2015_LAS_S13_3889_30_chm,11387290.5,3899120.5,54.46
USGS_LPC_VA_ChesapeakeBay_2015_LAS_S13_3889_30_chm,11387302.5,3899120.5,56.14
USGS_LPC_VA_ChesapeakeBay_2015_LAS_S13_3889_30_chm,11387306.5,3899120.5,55.91
USGS_LPC_VA_ChesapeakeBay_2015_LAS_S13_3889_30_chm,11387332.5,3899120.5,55.23
USGS_LPC_VA_ChesapeakeBay_2015_LAS_S13_3889_30_chm,11387342.5,3899120.5,55.34
USGS_LPC_VA_ChesapeakeBay_2015_LAS_S13_3889_30_chm,11387378.5,3899120.5,56.48
USGS_LPC_VA_ChesapeakeBay_2015_LAS_S13_3889_30_chm,11387656.5,3899120.5,55.72
USGS_LPC_VA_ChesapeakeBay_2015_LAS_S13_3889_30_chm,11387667.5,3899120.5,54.65
USGS_LPC_VA_ChesapeakeBay_2015_LAS_S13_3889_30_chm,11387679.5,3899120.5,51.87
USGS_LPC_VA_ChesapeakeBay_2015_LAS_S13_3889_30_chm,11387876.5,3899120.5,57.79
USGS_LPC_VA_ChesapeakeBay_2015_LAS_S13_3889_30_chm,11387893.5,3899120.5,59.78
USGS_LPC_VA_ChesapeakeBay_2015_LAS_S13_3889_30_chm,11387114.5,3899119.5,51.29
USGS_LPC_VA_ChesapeakeBay_2015_LAS_S13_3889_30_chm,11387119.5,3899119.5,51.08
USGS_LPC_VA_ChesapeakeBay_2015_LAS_S13_3889_30_chm,11387159.5,3899119.5,54.44
USGS_LPC_VA_ChesapeakeBay_2015_LAS_S13_3889_30_chm,11387179.5,3899119.5,50.96
USGS_LPC_VA_ChesapeakeBay_2015_LAS_S13_3889_30_chm,11387183.5,3899119.5,50.23
USGS_LPC_VA_ChesapeakeBay_2015_LAS_S13_3889_30_chm,11387208.5,3899119.5,54.91
USGS_LPC_VA_ChesapeakeBay_2015_LAS_S13_3889_30_chm,11387314.5,3899119.5,56.99
USGS_LPC_VA_ChesapeakeBay_2015_LAS_S13_3889_30_chm,11387349.5,3899119.5,55.36
USGS_LPC_VA_ChesapeakeBay_2015_LAS_S13_3889_30_chm,11387636.5,3899119.5,58.85
USGS_LPC_VA_ChesapeakeBay_2015_LAS_S13_3889_30_chm,11387683.5,3899119.5,50.96
USGS_LPC_VA_ChesapeakeBay_2015_LAS_S13_3889_30_chm,11387709.5,3899119.5,49.02
USGS_LPC_VA_ChesapeakeBay_2015_LAS_S13_3889_30_chm,11387743.5,3899119.5,49.41
USGS_LPC_VA_ChesapeakeBay_2015_LAS_S13_3889_30_chm,11387069.5,3899118.5,58.01
USGS_LPC_VA_ChesapeakeBay_2015_LAS_S13_3889_30_chm,11387371.5,3899118.5,55.31
USGS_LPC_VA_ChesapeakeBay_2015_LAS_S13_3889_30_chm,11387715.5,3899118.5,48.43
USGS_LPC_VA_ChesapeakeBay_2015_LAS_S13_3889_30_chm,11386106.5,3899117.5,55.0
USGS_LPC_VA_ChesapeakeBay_2015_LAS_S13_3889_30_chm,11386115.5,3899117.5,58.43
USGS_LPC_VA_ChesapeakeBay_2015_LAS_S13_3889_30_chm,11387059.5,3899117.5,58.41
USGS_LPC_VA_ChesapeakeBay_2015_LAS_S13_3889_30_chm,11387092.5,3899117.5,52.23
USGS_LPC_VA_ChesapeakeBay_2015_LAS_S13_3889_30_chm,11387124.5,3899117.5,50.21
USGS_LPC_VA_ChesapeakeBay_2015_LAS_S13_3889_30_chm,11387365.5,3899117.5,54.39
USGS_LPC_VA_ChesapeakeBay_2015_LAS_S13_3889_30_chm,11387697.5,3899117.5,50.16
USGS_LPC_VA_ChesapeakeBay_2015_LAS_S13_3889_30_chm,11387863.5,3899117.5,55.96
USGS_LPC_VA_ChesapeakeBay_2015_LAS_S13_3889_30_chm,11387869.5,3899117.5,56.61
USGS_LPC_VA_ChesapeakeBay_2015_LAS_S13_3889_30_chm,11387133.5,3899116.5,50.45
USGS_LPC_VA_ChesapeakeBay_2015_LAS_S13_3889_30_chm,11387228.5,3899116.5,51.57
USGS_LPC_VA_ChesapeakeBay_2015_LAS_S13_3889_30_chm,11387285.5,3899116.5,52.99
USGS_LPC_VA_ChesapeakeBay_2015_LAS_S13_3889_30_chm,11387330.5,3899116.5,54.22
USGS_LPC_VA_ChesapeakeBay_2015_LAS_S13_3889_30_chm,11387691.5,3899116.5,50.73
USGS_LPC_VA_ChesapeakeBay_2015_LAS_S13_3889_30_chm,11387727.5,3899116.5,46.76
USGS_LPC_VA_ChesapeakeBay_2015_LAS_S13_3889_30_chm,11387732.5,3899116.5,49.23
USGS_LPC_VA_ChesapeakeBay_2015_LAS_S13_3889_30_chm,11387888.5,3899116.5,59.3
USGS_LPC_VA_ChesapeakeBay_2015_LAS_S13_3889_30_chm,11386087.5,3899115.5,59.18
USGS_LPC_VA_ChesapeakeBay_2015_LAS_S13_3889_30_chm,11386119.5,3899115.5,59.39
USGS_LPC_VA_ChesapeakeBay_2015_LAS_S13_3889_30_chm,11387073.5,3899115.5,55.59
USGS_LPC_VA_ChesapeakeBay_2015_LAS_S13_3889_30_chm,11387138.5,3899115.5,49.94
USGS_LPC_VA_ChesapeakeBay_2015_LAS_S13_3889_30_chm,11387171.5,3899115.5,50.37
USGS_LPC_VA_ChesapeakeBay_2015_LAS_S13_3889_30_chm,11387224.5,3899115.5,50.62
USGS_LPC_VA_ChesapeakeBay_2015_LAS_S13_3889_30_chm,11387242.5,3899115.5,51.3
USGS_LPC_VA_ChesapeakeBay_2015_LAS_S13_3889_30_chm,11387256.5,3899115.5,49.31
USGS_LPC_VA_ChesapeakeBay_2015_LAS_S13_3889_30_chm,11387263.5,3899115.5,52.1
USGS_LPC_VA_ChesapeakeBay_2015_LAS_S13_3889_30_chm,11387277.5,3899115.5,52.76
USGS_LPC_VA_ChesapeakeBay_2015_LAS_S13_3889_30_chm,11387297.5,3899115.5,53.46
USGS_LPC_VA_ChesapeakeBay_2015_LAS_S13_3889_30_chm,11387301.5,3899115.5,52.34
USGS_LPC_VA_ChesapeakeBay_2015_LAS_S13_3889_30_chm,11387325.5,3899115.5,53.58
USGS_LPC_VA_ChesapeakeBay_2015_LAS_S13_3889_30_chm,11387341.5,3899115.5,53.83
USGS_LPC_VA_ChesapeakeBay_2015_LAS_S13_3889_30_chm,11387378.5,3899115.5,54.13
USGS_LPC_VA_ChesapeakeBay_2015_LAS_S13_3889_30_chm,11387631.5,3899115.5,58.14
USGS_LPC_VA_ChesapeakeBay_2015_LAS_S13_3889_30_chm,11387643.5,3899115.5,57.17
USGS_LPC_VA_ChesapeakeBay_2015_LAS_S13_3889_30_chm,11387680.5,3899115.5,50.33
USGS_LPC_VA_ChesapeakeBay_2015_LAS_S13_3889_30_chm,11387702.5,3899115.5,49.94
USGS_LPC_VA_ChesapeakeBay_2015_LAS_S13_3889_30_chm,11387721.5,3899115.5,47.92
USGS_LPC_VA_ChesapeakeBay_2015_LAS_S13_3889_30_chm,11387744.5,3899115.5,45.22
USGS_LPC_VA_ChesapeakeBay_2015_LAS_S13_3889_30_chm,11387096.5,3899114.5,51.33
USGS_LPC_VA_ChesapeakeBay_2015_LAS_S13_3889_30_chm,11387187.5,3899114.5,45.99
USGS_LPC_VA_ChesapeakeBay_2015_LAS_S13_3889_30_chm,11387250.5,3899114.5,50.49
USGS_LPC_VA_ChesapeakeBay_2015_LAS_S13_3889_30_chm,11387268.5,3899114.5,52.25
USGS_LPC_VA_ChesapeakeBay_2015_LAS_S13_3889_30_chm,11387306.5,3899114.5,51.94
USGS_LPC_VA_ChesapeakeBay_2015_LAS_S13_3889_30_chm,11387350.5,3899114.5,52.43
USGS_LPC_VA_ChesapeakeBay_2015_LAS_S13_3889_30_chm,11387385.5,3899114.5,55.8
USGS_LPC_VA_ChesapeakeBay_2015_LAS_S13_3889_30_chm,11387660.5,3899114.5,52.41
USGS_LPC_VA_ChesapeakeBay_2015_LAS_S13_3889_30_chm,11387709.5,3899114.5,48.94
USGS_LPC_VA_ChesapeakeBay_2015_LAS_S13_3889_30_chm,11387715.5,3899114.5,48.22
